"logLi","aic","bic","time","volume.group","no.param"
-286.873304713253,583.746609426506,598.160619039438,112.701480865479,1,1
-189.185967021356,398.371934042712,427.199953268575,116.59855389595,1,2
-163.524284101467,357.048568202935,400.29059704173,117.824356079102,1,3
-190.327491082907,390.654982165815,405.068991778747,111.797384023666,2,1
-155.998284071977,331.996568143954,360.824587369818,110.985538005829,2,2
-144.152503209374,318.305006418748,361.547035257543,113.806536912918,2,3
-117.061806385961,244.123612771922,253.044560941513,45.2285490036011,3,1
-89.8457993392627,199.691598678525,217.533495017708,45.8217730522156,3,2
-52.6517785515293,135.303557103059,162.066401611833,48.5669870376587,3,3
