"logLi","aic","bic","time","volume","no.param"
-34.682897772929,99.365795545858,126.128640054632,20.553925037384,1000,3
